"Rank","Name","Company","1-Year Pay ($mil)","5 Year Pay ($mil)","Shares Owned ($mil)","Age","Efficiency"
1,"Hemsley, Stephen JStephen J Hemsley","UnitedHealth Group",101.965,120.472,111.4,58,"-"
2,"Mueller, Edward AEdward A Mueller","Qwest Communications",65.8,75.003,36.3,64,"-"
3,"Iger, Robert ARobert A Iger","Walt Disney",53.32,147.08,43.4,60,"-"
4,"Paz, GeorgeGeorge Paz","Express Scripts",51.52,100.21,79.5,56,"-"
5,"Frankfort, LewLew Frankfort","Coach",49.45,137.87,133.9,65,"86"
6,"Lauren, RalphRalph Lauren","Polo Ralph Lauren",43,155.25,3417.8,71,"74"
7,"Martin, John CJohn C Martin","Gilead Sciences",42.72,204.24,76.8,59,"72"
8,"Hackett, James TJames T Hackett","Anadarko Petroleum",38.94,97.38,24.6,57,"93"
9,"Chambers, John TJohn T Chambers","Cisco Systems",37.9,170.34,58,61,"190"
10,"Seidenberg, Ivan GIvan G Seidenberg","Verizon Commun",36.75,130.19,76.5,64,"163"
11,"Pyott, David E IDavid E I Pyott","Allergan",33.76,104.6,14.9,58,"82"
12,"Lucier, Gregory TGregory T Lucier","Life Technologies",33.75,73.13,15.8,46,"141"
13,"Davidson, Charles DCharles D Davidson","Noble Energy",33.44,54.96,38.2,61,"29"
14,"Hammergren, John HJohn H Hammergren","McKesson",32.46,173.57,42.3,52,"91"
15,"Tucci, Joseph MJoseph M Tucci","EMC",31.63,86.79,34.1,63,"137"
16,"Huang, Jen-HsunJen-Hsun Huang","Nvidia",31.405,137.25,372.1,48,"38"
17,"Boyce, Gregory HGregory H Boyce","Peabody Energy",30.66,85.07,14.1,56,"-"
18,"Merelli, F HF H Merelli","Cimarex Energy",30.53,47.44,84.7,75,"25"
19,"Palmisano, Samuel JSamuel J Palmisano","IBM",30.32,127.8,102.9,59,"173"
20,"Camilleri, Louis CLouis C Camilleri","Philip Morris Intl",30.085,,103.3,56,"-"
21,"Watford, Michael DMichael D Watford","Ultra Petroleum",30.035,201.21,156.6,57,"116"
22,"Schultz, Howard DHoward D Schultz","Starbucks",29.73,159.502,672,57,"-"
23,"Novak, David CDavid C Novak","Yum Brands",29.67,199.88,13.6,58,"58"
24,"Thiry, Kent JKent J Thiry","DaVita",29.515,126.09,15.3,55,"63"
25,"Farr, David NDavid N Farr","Emerson Electric",28.93,68.72,80.4,56,"80"
26,"Cutler, Alexander MAlexander M Cutler","Eaton",28.47,90.23,30.3,59,"122"
27,"Solomon, HowardHoward Solomon","Forest Labs",27.1,105.76,35.7,83,"169"
28,"Moonves, LeslieLeslie Moonves","CBS",26.415,129.93,26.3,62,"-"
29,"Adkerson, Richard CRichard C Adkerson","Freeport Copper",25.295,179.1,172.8,64,"55"
30,"Swanson, William HWilliam H Swanson","Raytheon",24.885,97.77,41.9,62,"149"
31,"Boyd, Jeffery HJeffery H Boyd","Priceline.com",24.385,40.77,89.9,54,"3"
32,"Chenevert, Louis RLouis R Chenevert","United Technologies",23.97,60.452,27.7,53,"-"
33,"Washkewicz, Donald EDonald E Washkewicz","Parker-Hannifin",23.88,66.31,54.5,60,"96"
34,"Rose, Peter JPeter J Rose","Expeditors Intl",23.63,66.96,55.2,68,"26"
35,"Buckley, George WGeorge W Buckley","3M",23.22,55.55,12.2,64,"-"
36,"Daane, John PJohn P Daane","Altera",23.19,32.96,15.4,47,"42"
37,"Young, James RJames R Young","Union Pacific",23.06,49.71,82.5,59,"-"
38,"Larsen, Marshall OMarshall O Larsen","Goodrich",22.43,54,11.8,62,"17"
39,"Hugin, Robert JRobert J Hugin","Celgene",,,33.9,56,"-"
40,"Snow, David B JrDavid B Snow Jr","Medco Health",22.19,87.1,17.2,56,"36"
41,"Fishman, Jay SJay S Fishman","Travelers Cos",22.035,58.58,26.9,58,"-"
42,"Handler, Richard BRichard B Handler","Jefferies Group",21.3,145.08,286.4,49,"148"
43,"Stephenson, Randall LRandall L Stephenson","AT&T",21.28,55.292,15.5,51,"-"
44,"Farrell, Michael A JMichael A J Farrell","Annaly Capital Managem",21.185,64.48,39.8,59,"88"
45,"Skinner, James AJames A Skinner","McDonald's",20.71,75.07,24.3,66,"22"
46,"Felsinger, Donald EDonald E Felsinger","Sempra Energy",20.605,56.83,18.9,63,"-"
47,"Berkley, William RWilliam R Berkley","WR Berkley",20.355,200.03,738.8,65,"132"
48,"Pigott, Mark CMark C Pigott","Paccar",20.2,80.12,164.6,57,"128"
49,"Chazen, Stephen IStephen I Chazen","Occidental Petroleum",20.136,,202.3,64,"-"
50,"Dauman, Philippe PPhilippe P Dauman","Viacom",19.94,64.57,15.6,57,"-"
51,"Ward, Michael JMichael J Ward","CSX",19.83,96.78,28.2,60,"20"
52,"Nosbusch, Keith DKeith D Nosbusch","Rockwell Automation",19.69,32.49,32.6,60,"100"
53,"Nooyi, Indra KIndra K Nooyi","PepsiCo",19.63,56.5,15.2,55,"-"
54,"Conway, John WJohn W Conway","Crown Holdings",19.33,64.69,56.9,65,"53"
55,"Fink, Laurence DLaurence D Fink","BlackRock",19.315,116.22,249,58,"40"
56,"Cook, Ian MIan M Cook","Colgate-Palmolive",19.23,39.982,23.3,59,"-"
57,"Amos, Daniel PDaniel P Amos","Aflac",19.17,133.89,276.6,59,"97"
58,"Smith, Frederick WFrederick W Smith","FedEx",19.07,108.68,1759.3,66,"150"
59,"Coyne, John FJohn F Coyne","Western Digital",19.03,48.4,13.8,61,"-"
60,"Johnson, William RWilliam R Johnson","HJ Heinz",19.02,57.42,55,62,"129"
61,"Fries, Michael TMichael T Fries","Liberty Global",18.985,45.55,26.2,48,"-"
62,"Cracchiolo, James MJames M Cracchiolo","Ameriprise Financial",18.83,62.92,14.6,53,"-"
63,"Jones, Clayton MClayton M Jones","Rockwell Collins",18.77,47.72,8,61,"103"
64,"Weldon, William CWilliam C Weldon","Johnson & Johnson",18.36,88.69,26.3,62,"188"
65,"Leonard, J WayneJ Wayne Leonard","Entergy",18.12,101.96,24.4,60,"158"
66,"Connor, Christopher MChristopher M Connor","Sherwin-Williams",17.75,73.16,46.1,55,"52"
67,"Manganello, Timothy MTimothy M Manganello","BorgWarner",17.73,46.36,43.4,60,"11"
68,"Culp, H Lawrence JrH Lawrence Culp Jr","Danaher",17.72,197.88,61.6,48,"94"
69,"Chenault, Kenneth IKenneth I Chenault","American Express",17.44,95.19,43.5,59,"193"
70,"Farris, G StevenG Steven Farris","Apache",17.36,69.05,58.6,63,"95"
71,"Finnegan, John DJohn D Finnegan","Chubb",17.21,106,45.8,62,"86"
72,"Eckert, Robert ARobert A Eckert","Mattel",16.91,53.87,9.6,56,"108"
73,"Roberts, Brian LBrian L Roberts","Comcast",16.845,146.28,458.5,51,"159"
74,"Weeks, Wendell PWendell P Weeks","Corning",16.76,69.5,10.5,51,"-"
75,"Rosenfeld, Irene BIrene B Rosenfeld","Kraft Foods",16.715,33.382,29.1,57,"-"
76,"van Paasschen, Frits DFrits D van Paasschen","Starwood Hotels",16.66,25.012,11.2,49,"-"
77,"Brock, John FJohn F Brock","Coca-Cola Enterprises",16.59,27.96,4.4,62,"-"
78,"Ryan, Thomas MThomas M Ryan","CVS Caremark",16.565,117.49,73.6,58,"157"
79,"McClendon, Aubrey KAubrey K McClendon","Chesapeake Energy",16.555,307.02,98.3,50,"161"
80,"Parkinson, Robert L JrRobert L Parkinson Jr","Baxter International",16.42,40.51,17.7,60,"78"
81,"Yost, R DavidR David Yost","AmerisourceBergen",16.37,44.65,56.9,64,"30"
82,"Duke, Michael TMichael T Duke","Wal-Mart Stores",16.275,,36.8,60,"-"
83,"Kennedy, James A CJames A C Kennedy","T Rowe Price",15.97,54.73,163.6,58,"-"
84,"Starks, Daniel JDaniel J Starks","St Jude Medical",15.955,82.92,311.9,57,"-"
85,"Dreiling, Richard WRichard W Dreiling","Dollar General",15.895,,9.6,58,"-"
86,"White, Miles DMiles D White","Abbott Laboratories",15.51,117.5,61.5,56,"187"
87,"Dolan, James LJames L Dolan","Cablevision Systems",15.335,85.62,41,55,"64"
88,"Bewkes, Jeffrey LJeffrey L Bewkes","Time Warner",15.315,48.473,10,58,"-"
89,"Moreland, W BenjaminW Benjamin Moreland","Crown Castle Intl",15.215,,35.5,47,"-"
90,"Murdoch, K RupertK Rupert Murdoch","News Corp",15.2,107.85,5325.8,80,"178"
91,"Bartz, CarolCarol Bartz","Yahoo",15.165,,27,62,"-"
92,"Donegan, MarkMark Donegan","Precision Castparts",15.1,87.17,31.8,53,"15"
93,"Sullivan, William PWilliam P Sullivan","Agilent Technologies",14.92,53.68,14,62,"89"
94,"Renwick, Glenn MGlenn M Renwick","Progressive",14.81,44.1,70.9,55,"110"
95,"Klappa, Gale EGale E Klappa","Wisconsin Energy",14.75,35.94,6.4,60,"47"
96,"Jha, Sanjay KSanjay K Jha","Motorola Moity",14.7,,26.8,48,"-"
97,"Parker, Mark GMark G Parker","NIKE",14.53,43.83,21.6,55,"-"
98,"Stevens, Robert JRobert J Stevens","Lockheed Martin",14.47,120.77,32.3,59,"143"
99,"Roell, Stephen AStephen A Roell","Johnson Controls",14.27,43.582,28,61,"-"
100,"Thaman, Michael HMichael H Thaman","Owens Corning",14.26,25.662,25.7,47,"-"
101,"Miller, Merrill A JrMerrill A Miller Jr","National Oilwell Varco",14.18,39.15,46.1,60,"16"
102,"Wiehoff, John PJohn P Wiehoff","CH Robinson Worldwide",14.1,45.85,73.2,49,"8"
103,"D'Souza, FranciscoFrancisco D'Souza","Cognizant Technology",14.065,19.432,8.2,42,"-"
104,"McGregor, Scott AScott A McGregor","Broadcom",14,41.85,15.7,55,"41"
105,"Beauchamp, Robert ERobert E Beauchamp","BMC Software",13.84,69.13,40.2,51,"65"
106,"Lesar, David JDavid J Lesar","Halliburton",13.695,114.03,36.4,58,"126"
107,"Termeer, Henri AHenri A Termeer","Genzyme",13.4,53.01,52.2,65,"165"
108,"Smith, Wayne TWayne T Smith","Community Health Sys",13.345,52.33,48,65,"117"
109,"Balmuth, MichaelMichael Balmuth","Ross Stores",13.175,60.11,26.7,60,"20"
110,"Bunch, Charles ECharles E Bunch","PPG Industries",13.13,32.42,21.1,61,"-"
111,"Solso, Theodore MTheodore M Solso","Cummins",12.62,60.6,56.5,64,"10"
112,"Dimon, JamesJames Dimon","JPMorgan Chase",12.565,109.96,232.1,55,"-"
113,"Havner, Ronald L JrRonald L Havner Jr","Public Storage",12.36,47.2,3.8,53,"32"
114,"Cote, David MDavid M Cote","Honeywell",12.13,66.08,22.7,58,"114"
115,"Lundgren, Terry JTerry J Lundgren","Macy's",12.055,43.85,3.7,59,"177"
116,"Jung, AndreaAndrea Jung","Avon Products",12.01,49.66,10.8,52,"171"
117,"Kent, MuhtarMuhtar Kent","Coca-Cola",11.88,25.593,12.4,58,"-"
118,"Appleton, Steven RSteven R Appleton","Micron Technology",11.61,20.04,21,51,"145"
119,"Angel, Stephen FStephen F Angel","Praxair",11.56,45.78,15.2,56,"-"
120,"Conant, Douglas RDouglas R Conant","Campbell Soup",11.41,48.75,22.7,59,"151"
121,"Jellison, Brian DBrian D Jellison","Roper Industries",11.325,41.51,73,65,"54"
122,"Kelly, Richard CRichard C Kelly","Xcel Energy",11.31,36.02,13.7,64,"-"
123,"Mulva, James JJames J Mulva","ConocoPhillips",11.265,95.17,63.6,64,"139"
124,"McNerney, W James JrW James McNerney Jr","Boeing",10.94,65.55,29.9,61,"-"
125,"Strianese, Michael TMichael T Strianese","L-3 Communications",10.87,32.09,2.6,55,"-"
126,"Sargent, Ronald LRonald L Sargent","Staples",10.775,80.93,37.9,55,"180"
127,"Donahoe, John JJohn J Donahoe","Ebay",10.51,16.913,7.1,49,"-"
128,"Liveris, Andrew NAndrew N Liveris","Dow Chemical",10.41,40.89,10.8,57,"184"
129,"Holliday, MarcMarc Holliday","SL Green",10.325,93.47,27.1,44,"136"
130,"Strangfeld, John R JrJohn R Strangfeld Jr","Prudential Financial",10.31,51.452,12,57,"-"
131,"Mohapatra, Surya NSurya N Mohapatra","Quest Diagnostics",10.295,36.2,19.5,61,"-"
132,"Hess, John BJohn B Hess","Hess",10.19,226.81,733.9,57,"113"
133,"Koffel, Martin MMartin M Koffel","URS",10.195,63.17,25.9,72,"144"
134,"Wiseman, Eric CEric C Wiseman","VF",10.18,23.292,12.3,55,"-"
135,"Brown, Gregory QGregory Q Brown","Motorola Solutions",10.07,21.532,10.1,51,"-"
136,"Meyrowitz, Carol MCarol M Meyrowitz","TJX Cos",10.065,33.422,24.4,57,"-"
137,"Nelms, David WDavid W Nelms","Discover Finl Services",10.05,60.19,26.8,50,"-"
138,"Farrell, Thomas F IIThomas F Farrell II","Dominion Resources",10.03,60.85,39.5,56,"-"
139,"Case, Gregory CGregory C Case","Aon",9.965,26.49,23.2,48,"-"
140,"Andreotti, LambertoLamberto Andreotti","Bristol-Myers Squibb",9.87,,5,60,"-"
141,"Tillerson, Rex WRex W Tillerson","ExxonMo",9.735,40.292,129.1,58,"-"
142,"Cordani, David MDavid M Cordani","Cigna",9.67,,6,45,"-"
143,"Fishman, Jerald GJerald G Fishman","Analog Devices",9.67,45.22,15.9,65,"117"
144,"Kelly, Robert PRobert P Kelly","Bank of New York",9.65,34.242,22.2,56,"-"
145,"Immelt, Jeffrey RJeffrey R Immelt","General Electric",9.62,53.82,101.5,55,"195"
146,"Rhodes, William C IIIWilliam C Rhodes III","AutoZone",9.54,20.62,3.9,45,"-"
147,"Braly, Angela FAngela F Braly","WellPoint",9.49,21.632,25.5,49,"-"
148,"Hay, Lewis IIILewis Hay III","NextEra Energy",9.475,61.66,25.4,55,"102"
149,"Loranger, Steven RSteven R Loranger","ITT",9.36,50.01,17.3,59,"146"
150,"Jacobs, Paul EPaul E Jacobs","Qualcomm",9.2,71.62,77.4,69,"-"
151,"Stebbins, Paul HPaul H Stebbins","World Fuel Services",9.145,43.19,28.7,54,"6"
152,"Coury, Robert JRobert J Coury","Mylan",9.095,32.43,16.4,50,"154"
153,"Maffei, Gregory BGregory B Maffei","Liberty Interactive Gp",8.97,28.75,8.3,50,"-"
154,"Lovett, Michael JMichael J Lovett","Charter Commun",8.94,,8.9,49,"-"
155,"Rowe, John WJohn W Rowe","Exelon",8.91,135.92,15.7,65,"182"
156,"Guertin, Timothy ETimothy E Guertin","Varian Medical Systems",8.81,37.68,7.1,62,"-"
157,"Wexner, Leslie HLeslie H Wexner","Limited Brands",8.775,109.37,1537.5,73,"105"
158,"Morris, Michael GMichael G Morris","American Electric",8.65,53.03,17.3,64,"147"
159,"Lance, Howard LHoward L Lance","Harris",8.61,48.86,16.8,55,"111"
160,"Jackson, Michael JMichael J Jackson","AutoNation",8.56,29.46,0.5,62,"60"
161,"Baker, Douglas M JrDouglas M Baker Jr","Ecolab",8.5,29.29,10.4,52,"122"
162,"Richels, JohnJohn Richels","Devon Energy",8.49,,25.1,60,"-"
163,"Lechleiter, John CJohn C Lechleiter","Eli Lilly & Co",8.48,28.792,13,57,"-"
164,"Wynn, Stephen AStephen A Wynn","Wynn Resorts",8.395,44.17,1167.7,69,"14"
165,"West, David JDavid J West","Hershey",8.32,17.672,6.8,48,"-"
166,"Carrabba, Joseph AJoseph A Carrabba","Cliffs",8.2,26.01,15,58,"-"
167,"Ellison, Lawrence JLawrence J Ellison","Oracle",8.2,960.74,33978.6,66,"92"
168,"Weidman, David NDavid N Weidman","Celanese",8.19,19.1,11.9,55,"36"
169,"Rohr, James EJames E Rohr","PNC Financial Services",8.19,60.89,44.3,62,"59"
170,"Steinhafel, Gregg WGregg W Steinhafel","Target",8.095,23.443,26.2,55,"-"
171,"Klesse, William RWilliam R Klesse","Valero Energy",8.07,53.39,22.6,64,"-"
172,"Rossiter, Robert ERobert E Rossiter","Lear",8.065,22.78,0.5,65,"-"
173,"Huntsman, Peter RPeter R Huntsman","Huntsman",7.94,29.29,29.9,48,"183"
174,"Moorman, Charles W IVCharles W Moorman IV","Norfolk Southern",7.9,27.92,20.5,59,"-"
175,"Templeton, Richard KRichard K Templeton","Texas Instruments",7.86,43.57,35.3,52,"107"
176,"Carbonari, Bruce ABruce A Carbonari","Fortune Brands",7.85,16.202,4.2,55,"-"
177,"Hesse, Daniel RDaniel R Hesse","Sprint Nextel",7.785,15.853,6.8,58,"-"
178,"Flaherty, James F IIIJames F Flaherty III","HCP",7.73,33.19,20.7,53,"27"
179,"Henslee, Gregory LGregory L Henslee","O'Reilly Automotive",7.71,17.95,2.3,50,"12"
180,"Ustian, Daniel CDaniel C Ustian","Navistar Intl",7.67,19.13,8.9,60,"119"
181,"Taiclet, James D JrJames D Taiclet Jr","American Tower",7.585,39.03,2.2,50,"7"
182,"Prokopanko, James TJames T Prokopanko","Mosaic",7.58,14.952,6.3,57,"-"
183,"Britt, Glenn AGlenn A Britt","Time Warner Cable",7.515,33.702,2.8,61,"-"
184,"Allen, Samuel RSamuel R Allen","Deere & Co",7.51,,6.3,57,"-"
185,"Wallace, Richard PRichard P Wallace","KLA-Tencor",7.45,16.39,2.8,51,"-"
186,"Sutherlin, Michael WMichael W Sutherlin","Joy Global",7.43,21.402,11,64,"-"
187,"Lundgren, John FJohn F Lundgren","Stanley Black & Decker",7.41,24.81,13.4,59,"51"
188,"Darbee, Peter APeter A Darbee","PG&E",7.345,28.52,9,58,"-"
189,"Smith, Brad DBrad D Smith","Intuit",7.33,13.052,4.4,47,"-"
190,"Zaslav, David MDavid M Zaslav","Discovery Commun",7.335,30.773,0,51,"-"
191,"Davis, Richard KRichard K Davis","US Bancorp",7.32,25.18,11,53,"-"
192,"Stroucken, Albert P LAlbert P L Stroucken","Owens-Illinois",7.28,23.32,10.8,63,"-"
193,"Moore, Jack BJack B Moore","Cameron International",7.2,21.242,17.3,57,"-"
194,"Otis, Clarence JrClarence Otis Jr","Darden Restaurants",7.16,21.6,10.4,55,"34"
195,"Splinter, Michael RMichael R Splinter","Applied Materials",7.16,20.44,9.3,60,"140"
196,"Otellini, Paul SPaul S Otellini","Intel",7.165,42.19,16.4,60,"-"
197,"Koehler, Michael FMichael F Koehler","Teradata",7.08,14.512,9.8,58,"-"
198,"Benmosche, Robert HRobert H Benmosche","American Intl Group",7.02,,3.2,67,"-"
199,"Joerres, Jeffrey AJeffrey A Joerres","Manpower",6.95,30.33,15.9,51,"66"
200,"Babb, Ralph W JrRalph W Babb Jr","Comerica",6.94,20.89,17.5,62,"112"
201,"Levine, Howard RHoward R Levine","Fay Dollar Stores",6.88,18.54,486.2,52,"44"
202,"Marriott, J Willard JrJ Willard Marriott Jr","Marriott International",6.885,125.05,1610.5,79,"165"
203,"Faraci, John VJohn V Faraci","International Paper",6.865,42.71,38.4,61,"186"
204,"Kramer, Richard JRichard J Kramer","Goodyear",6.83,,2.8,47,"-"
205,"Greifeld, RobertRobert Greifeld","Nasdaq OMX Group",6.815,34.28,12.6,53,"28"
206,"Klein, Ward MWard M Klein","Energizer Holdings",6.77,31.9,3.7,56,"162"
207,"McDonald, Robert ARobert A McDonald","Procter & Gamble",6.76,,12.4,57,"-"
208,"Ring, Timothy MTimothy M Ring","CR Bard",6.75,67.33,27,53,"98"
209,"Plant, John CJohn C Plant","TRW Automotive Hldgs",6.745,55.36,33.6,57,"56"
210,"Sharer, Kevin WKevin W Sharer","Amgen",6.735,61.81,16.1,63,"189"
211,"Guthart, Gary SGary S Guthart","Intuitive Surgical",6.72,,12,45,"-"
212,"Shivery, Charles WCharles W Shivery","Northeast Utilities",6.69,28.93,18.8,65,"30"
213,"Templeton, Mark BMark B Templeton","Citrix Systems",6.695,29.06,15.7,58,"49"
214,"Falk, Thomas JThomas J Falk","Kimberly-Clark",6.69,50.89,42.7,53,"171"
215,"Rogers, James PJames P Rogers","Eastman Chemical",6.67,,7.4,60,"-"
216,"Murren, James JJames J Murren","MGM Mirage",6.665,45.393,2.1,49,"-"
217,"Wood, David MDavid M Wood","Murphy Oil",6.64,24.083,4.9,53,"-"
218,"Johnson, Gregory EGregory E Johnson","Franklin Resources",6.61,49.93,176.4,49,"84"
219,"Rakowich, Walter CWalter C Rakowich","ProLogis",6.595,,9.9,53,"-"
220,"Stumpf, John GJohn G Stumpf","Wells Fargo",6.57,26.472,20.9,57,"-"
221,"Post, Glen F IIIGlen F Post III","CenturyLink",6.565,39.02,29.2,58,"106"
222,"Duperreault, BrianBrian Duperreault","Marsh & McLennan",6.535,,8.7,63,"-"
223,"Tomczyk, Fredric JFredric J Tomczyk","TD Ameritrade Holding",6.46,10.873,5,55,"-"
224,"Moynihan, Brian TBrian T Moynihan","Bank of America",,,6.8,51,"-"
225,"Gorman, James PJames P Gorman","Morgan Stanley",,,23.9,51,"-"
226,"Szews, Charles LCharles L Szews","Oshkosh",6.446,,4.3,55,"-"
227,"Vallee, RoyRoy Vallee","Avnet",6.43,31.01,15.4,58,"120"
228,"Laphen, Michael WMichael W Laphen","Computer Sciences",6.42,19.412,5.2,60,"-"
229,"Roth, Michael IMichael I Roth","Interpublic Group",6.425,23.61,15.4,65,"-"
230,"Burke, KevinKevin Burke","Consolidated Edison",6.415,16.8,8.9,60,"-"
231,"Gardner, Jeffery RJeffery R Gardner","Windstream",6.4,24.28,18.8,51,"-"
232,"Blake, Francis SFrancis S Blake","Home Depot",6.365,14.142,21.9,61,"-"
233,"Szymanczyk, Michael EMichael E Szymanczyk","Altria Group",6.355,,34.6,62,"-"
234,"Ludwig, Edward JEdward J Ludwig","Becton, Dickinson",6.29,65.64,19.5,59,"98"
235,"Engles, Gregg LGregg L Engles","Dean Foods",6.285,117.9,26.2,53,"196"
236,"Utt, William PWilliam P Utt","KBR",6.205,14.072,9.9,54,"-"
237,"Alexander, Anthony JAnthony J Alexander","FirstEnergy",6.16,43.04,11.6,59,"169"
238,"Saunders, Joseph WJoseph W Saunders","Visa",6.13,28.972,10.6,48,"-"
239,"Wren, John DJohn D Wren","Omnicom Group",6.135,83.41,65.8,58,"115"
240,"Wilson, Stephen RStephen R Wilson","CF Industries Holdings",6.125,46.26,16.7,62,"-"
241,"Hermance, Ronald E JrRonald E Hermance Jr","Hudson City Bancorp",6.11,62.62,37,63,"68"
242,"Niblock, Robert ARobert A Niblock","Lowe's Cos",6.105,29.51,25.3,48,"-"
243,"Kullman, Ellen JEllen J Kullman","EI du Pont de Nemours",6.09,14.213,6.7,55,"-"
244,"Berthiaume, Douglas ADouglas A Berthiaume","Waters",6.095,33.06,234.7,62,"77"
245,"Wilson, Alan DAlan D Wilson","McCormick & Co",6.07,18.323,6.2,53,"-"
246,"Varga, Paul CPaul C Varga","Brown-Forman",6.05,22.63,8.4,47,"-"
247,"Fettig, Jeff MJeff M Fettig","Whirlpool",6.05,42.45,29.7,54,"129"
248,"Dutkowsky, Robert MRobert M Dutkowsky","Tech Data",6.035,12.802,2.7,56,"-"
249,"Kowalski, Michael JMichael J Kowalski","Tiffany & Co",5.975,46.72,19.7,58,"49"
250,"Rodkin, Gary MGary M Rodkin","ConAgra Foods",5.97,29.34,12.2,59,"-"
251,"Speer, David BDavid B Speer","Illinois Tool Works",5.94,22.32,7.8,60,"-"
252,"Sprecher, Jeffrey CJeffrey C Sprecher","IntercontinentalExchg",5.935,110.71,201.4,56,"-"
253,"Main, Timothy LTimothy L Main","Ja Circuit",5.92,25.76,21.2,53,"181"
254,"Lowe, Kenneth WKenneth W Lowe","Scripps Networks",5.915,,25.7,60,"-"
255,"Wise, Allen FAllen F Wise","Coventry Health Care",,,3.4,68,"-"
256,"Powell, Kendall JKendall J Powell","General Mills",5.9,21.652,16.9,57,"-"
257,"Rogers, James EJames E Rogers","Duke Energy",5.9,33.2,39.5,63,"-"
258,"Fetter, TrevorTrevor Fetter","Tenet Healthcare",5.855,24.06,11.2,51,"179"
259,"Kabat, Kevin TKevin T Kabat","Fifth Third Bancorp",5.85,15.87,4.7,54,"-"
260,"Deaton, Chad CChad C Deaton","Baker Hughes",5.83,32.33,22.4,58,"122"
261,"Gellert, Jay MJay M Gellert","Health Net",5.79,33.68,23,57,"174"
262,"White, Michael DMichael D White","DirecTV",5.75,,7.1,58,"-"
263,"Goldner, BrianBrian Goldner","Hasbro",5.745,,11.2,47,"-"
264,"Martin, Murray DMurray D Martin","Pitney Bowes",5.71,21.47,3.2,63,"-"
265,"Miller, James HJames H Miller","PPL",5.705,19.672,1.5,62,"-"
266,"Freda, FabrizioFabrizio Freda","Estee Lauder Cos",5.69,,3.6,53,"-"
267,"Boothby, Lee KLee K Boothby","Newfield Exploration",5.68,,4.3,49,"-"
268,"Gremp, John TJohn T Gremp","FMC Technologies",5.646,,5.9,60,"-"
269,"Lindner, Carl H IIICarl H Lindner III","American Finl Group",5.645,24.14,321,57,"-"
270,"Timmerman, William BWilliam B Timmerman","Scana",5.64,20.36,3.9,64,"109"
271,"Ettinger, Jeffrey MJeffrey M Ettinger","Hormel Foods",5.63,21.34,13.2,52,"-"
272,"Sheffield, Scott DScott D Sheffield","Pioneer Natural Res",5.615,27.96,50.1,58,"83"
273,"Barrett, George SGeorge S Barrett","Cardinal Health",5.6,,12.5,56,"-"
274,"Hawkins, William AWilliam A Hawkins","Medtronic",5.59,17.432,2.3,57,"-"
275,"Mansell, KevinKevin Mansell","Kohl's",5.59,11.273,17.2,58,"-"
276,"Shattuck, Mayo A IIIMayo A Shattuck III","Constellation Energy",5.585,79.46,9,56,"191"
277,"Zuckerman, Mortimer BMortimer B Zuckerman","Boston Properties",,,136.8,72,"-"
278,"Watson, John SJohn S Watson","Chevron",,,2.8,54,"-"
279,"Izzo, RalphRalph Izzo","Pub Svc Enterprise",5.38,17.3,8.9,53,"-"
280,"McDaniel, Raymond W JrRaymond W McDaniel Jr","Moody's",5.31,29.81,5.2,53,"-"
281,"Hanrahan, Paul TPaul T Hanrahan","AES",5.3,40.71,4.9,53,"167"
282,"Watjen, Thomas RThomas R Watjen","Unum Group",5.295,24.21,17.7,56,"48"
283,"Hooley, Joseph LJoseph L Hooley","State Street",,,11.4,53,"-"
284,"O'Brien, Richard TRichard T O'Brien","Newmont Mining",5.27,15.802,11,56,"-"
285,"Haldeman, Charles E JrCharles E Haldeman Jr","Freddie Mac",5.24,,0,63,"-"
286,"Ryan, James TJames T Ryan","WW Grainger",5.24,10.783,19.5,52,"-"
287,"McGlade, John EJohn E McGlade","Air Prods & Chems",5.22,25.412,13.6,57,"-"
288,"Steiner, David PDavid P Steiner","Waste Management",5.19,25.01,14.1,50,"79"
289,"Tisch, James SJames S Tisch","Loews",5.115,18.4,301,58,"19"
290,"Johnson, William DWilliam D Johnson","Progress Energy",5.1,18.462,9,57,"-"
291,"Salem, Enrique TEnrique T Salem","Symantec",5.1,,4.5,45,"-"
292,"Reilly, Paul CPaul C Reilly","Raymond James Finl",5.076,,9.2,56,"-"
293,"Murphy, Glenn KGlenn K Murphy","Gap",5.045,13.643,3.3,49,"-"
294,"Glass, Dennis RDennis R Glass","Lincoln National",5.04,27.782,6.7,61,"-"
295,"Dillon, David BDavid B Dillon","Kroger",5.035,25.83,23.5,60,"81"
296,"Corzine, Jon SJon S Corzine","MF Global",5,,2.8,64,"-"
297,"Harvey, J BrettJ Brett Harvey","Consol Energy",4.965,36.27,19.8,60,"13"
298,"Butler, Gary CGary C Butler","Automatic Data",4.96,28.37,19.3,64,"-"
299,"Smucker, Timothy PTimothy P Smucker","JM Smucker",4.96,30.23,132.5,66,"62"
300,"Khosrowshahi, DaraDara Khosrowshahi","Expedia",4.955,18.44,4.2,42,"-"
301,"Luke, John A JrJohn A Luke Jr","MeadWestvaco",4.94,20.57,11.3,62,"154"
302,"Hambrick, James LJames L Hambrick","Lubrizol",4.925,30.76,48,56,"-"
303,"Johnson, Jay LJay L Johnson","General Dynamics",4.91,,15,64,"-"
304,"Niederauer, Duncan LDuncan L Niederauer","NYSE Euronext",4.91,13.103,4.3,51,"-"
305,"Laverty Elsenhans, LynnLynn Laverty Elsenhans","Sunoco",4.88,7.863,1.2,55,"-"
306,"Ullman, Myron E IIIMyron E Ullman III","JC Penney",4.84,31.08,7.5,64,"176"
307,"Williams, Michael JMichael J Williams","Fannie Mae",4.84,,0.07,52,"-"
308,"Narayen, ShantanuShantanu Narayen","Adobe Systems",4.83,22.302,6.6,47,"-"
309,"Smith, DonnieDonnie Smith","Tyson Foods",4.82,,3.9,52,"-"
310,"Simon, DavidDavid Simon","Simon Property Group",4.795,19.52,53.7,49,"32"
311,"Blinn, Mark AMark A Blinn","Flowserve",4.78,,8,49,"-"
312,"McAndrew, Mark SMark S McAndrew","Torchmark",4.75,12.31,5.2,60,"-"
313,"Herbert, James H IIJames H Herbert II","First Republic",4.755,,66.8,67,"-"
314,"Wells, James M IIIJames M Wells III","SunTrust Banks",4.74,13.35,13.1,64,"-"
315,"Anderson, Richard HRichard H Anderson","Delta Air Lines",4.745,7.763,17.6,55,"-"
316,"Richenhagen, Martin HMartin H Richenhagen","AGCO",4.62,24.78,19.7,59,"39"
317,"Sinegal, James DJames D Sinegal","Costco Wholesale",4.62,37.63,153.2,75,"75"
318,"Elliott, J RaymondJ Raymond Elliott","Boston Scientific",,,3,61,"-"
319,"Knauss, Donald RDonald R Knauss","Clorox",4.55,15.432,5.6,59,"-"
320,"Holmes, Stephen PStephen P Holmes","Wyndham Worldwide",4.555,17.842,25.7,54,"-"
321,"Donnelly, Scott CScott C Donnelly","Textron",4.52,,1.2,49,"-"
322,"Bettinger, Walter W IIWalter W Bettinger II","Charles Schwab",4.515,,7.6,50,"-"
323,"Frissora, Mark PMark P Frissora","Hertz Global Holdings",4.515,29.632,27.2,55,"-"
324,"Hamm, Harold GHarold G Hamm","Continental Resources",4.495,12.662,8199.9,65,"-"
325,"Kleinfeld, KlausKlaus Kleinfeld","Alcoa",4.47,13.973,10.2,53,"-"
326,"Fascitelli, Michael DMichael D Fascitelli","Vornado Realty",4.465,,159.1,54,"-"
327,"McClanahan, David MDavid M McClanahan","CenterPoint Energy",4.45,21.46,11.7,61,"61"
328,"Delen, Daniel MDaniel M Delen","Reynolds American",4.446,,2.2,45,"-"
329,"Lybarger, Stanley AStanley A Lybarger","BOK Financial",4.44,19.45,9.6,61,"18"
330,"Hayes, John AJohn A Hayes","Ball",4.426,,16.4,45,"-"
331,"Sasser, BobBob Sasser","Dollar Tree",4.395,15.38,5.6,59,"5"
332,"Anderson, Gerard MGerard M Anderson","DTE Energy",4.386,,7.2,53,"-"
333,"Surma, John PJohn P Surma","US Steel",4.38,37.48,11.6,56,"167"
334,"Woertz, Patricia APatricia A Woertz","Archer Daniels",4.32,21.77,23.1,58,"-"
335,"Dunn, Brian JBrian J Dunn","Best Buy",4.31,,1.9,51,"-"
336,"Orlich, Robert FRobert F Orlich","Transatlantic Holdings",4.295,15.8,4.5,63,"153"
337,"Read, Ian CIan C Read","Pfizer",4.25,,17.1,58,"-"
338,"Papa, Mark GMark G Papa","EOG Resources",4.225,164.35,119,64,"85"
339,"Gillette, Robert JRobert J Gillette","First Solar",4.2,,3.3,49,"-"
340,"Cazalot, Clarence P JrClarence P Cazalot Jr","Marathon Oil",4.16,45.56,33.7,60,"68"
341,"Burns, Ursula MUrsula M Burns","Xerox",4.085,,4.9,52,"-"
342,"Laub, StevenSteven Laub","Atmel",4.065,11.062,66.3,52,"-"
343,"Wilson, Floyd CFloyd C Wilson","Petrohawk Energy",4.045,11.44,72.1,64,"-"
344,"Wallis, David WDavid W Wallis","Ambac Financial Group",4.035,,0.07,50,"-"
345,"Waddell, Frederick HFrederick H Waddell","Northern Trust",4.03,15.872,7.2,58,"-"
346,"Ketchum, Mark DMark D Ketchum","Newell Rubbermaid",4.025,17.46,3.5,61,"-"
347,"Newberry, Stephen GStephen G Newberry","Lam Research",3.96,61.17,0.6,58,"-"
348,"Foshee, Douglas LDouglas L Foshee","El Paso",3.965,21.31,21.4,51,"100"
349,"Gallagher, Thomas CThomas C Gallagher","Genuine Parts",3.93,17.02,18.8,63,"90"
350,"Folliard, Thomas JThomas J Folliard","CarMax",3.9,17.37,12.4,46,"-"
351,"Crane, David WDavid W Crane","NRG Energy",3.89,32.99,5.9,52,"131"
352,"Ebel, Gregory LGregory L Ebel","Spectra Energy",3.88,7.013,2.9,46,"-"
353,"Grant, HughHugh Grant","Monsanto",3.88,144.94,34.6,53,"71"
354,"Bergman, Stanley MStanley M Bergman","Henry Schein",3.795,14.55,69.5,61,"45"
355,"Maier, LotharLothar Maier","Linear Technology",3.76,14.11,8.6,55,"135"
356,"McGraw, Harold W IIIHarold W McGraw III","McGraw-Hill Cos",3.74,38.1,210.1,62,"133"
357,"Adelson, Sheldon GSheldon G Adelson","Las Vegas Sands",3.735,17.39,12202.9,77,"185"
358,"Wadhams, TimothyTimothy Wadhams","Masco",3.705,7.893,12.7,62,"-"
359,"Frazier, Kenneth CKenneth C Frazier","Merck & Co",,,5.2,56,"-"
360,"Sanghi, SteveSteve Sanghi","Microchip Technology",3.68,62.49,167,55,"43"
361,"Mueller, Steven LSteven L Mueller","Southwestern Energy",3.65,,4.8,57,"-"
362,"McCallister, Michael BMichael B McCallister","Humana",3.65,68.98,28.2,58,"34"
363,"O'Brien, James JJames J O'Brien","Ashland",3.63,29.44,7.1,56,"122"
364,"Apotheker, LéoLéo Apotheker","Hewlett-Packard",3.6,,6.6,57,"-"
365,"Mathrani, SandeepSandeep Mathrani","General Growth Prop",3.55,,22.8,49,"-"
366,"White, BrettBrett White","CB Richard Ellis",3.445,29.91,28.7,51,"-"
367,"King, David PDavid P King","Laboratory Corp Amer",3.425,14.322,8.3,54,"-"
368,"Johnson, Kevin RKevin R Johnson","Juniper Networks",3.415,,8.8,50,"-"
369,"Swinburn, PeterPeter Swinburn","Molson Coors Brewing",3.405,,1.4,58,"-"
370,"Wandell, Keith EKeith E Wandell","Harley-Davidson",3.4,,9,61,"-"
371,"Livingston, Robert ARobert A Livingston","Dover",3.4,8.003,3.9,58,"-"
372,"Mulally, Alan RAlan R Mulally","Ford Motor",3.345,38.782,40.1,65,"-"
373,"Long, Michael JMichael J Long","Arrow Electronics",3.34,,13.6,51,"-"
374,"Rykhoek, PhilPhil Rykhoek","Denbury Resources",3.295,,15.8,53,"-"
375,"Woodring, A GreigA Greig Woodring","Reinsurance Gp America",3.285,15.53,7.6,59,"76"
376,"Davis, D ScottD Scott Davis","United Parcel Service",3.27,7.862,9.2,59,"-"
377,"Scarborough, Dean ADean A Scarborough","Avery Dennison",3.26,15.67,4.2,55,"-"
378,"Bush, Wesley GWesley G Bush","Northrop Grumman",,,28.7,50,"-"
379,"Moore, Patrick JPatrick J Moore","Smurfit-Stone",3.235,11.61,0,56,"-"
380,"Steinour, Stephen DStephen D Steinour","Huntington Bancshs",3.22,,8.9,52,"-"
381,"Leach, Timothy ATimothy A Leach","Concho Resources",3.225,7.262,109.2,51,"-"
382,"Wilderotter, Mary AMaggie Wilderotter","Frontier Commun",3.215,12.98,18.7,56,"-"
383,"Scangos, George AGeorge A Scangos","Biogen Idec",3.2,,0,63,"-"
384,"Golsby, Stephen WStephen W Golsby","Mead Johnson Nutrition",3.19,8.843,6.8,56,"-"
385,"Johns, John DJohn D Johns","Protective Life",3.185,23.49,10,58,"160"
386,"Slager, Donald WDonald W Slager","Republic Services",,,8.4,49,"-"
387,"D'Ambrosio, Louis JLouis J D'Ambrosio","Sears Holdings",3.15,,0,47,"-"
388,"Oberton, Willard DWillard D Oberton","Fastenal",3.15,7.59,18,52,"8"
389,"Pope, C LarryC Larry Pope","Smithfield Foods",3.12,13.62,5.3,56,"-"
390,"Donohue, Craig SCraig S Donohue","CME Group",3.085,43.99,11.4,49,"68"
391,"Dubow, Craig ACraig A Dubow","Gannett",3.05,13.97,0.8,56,"-"
392,"Temares, Steven HSteven H Temares","Bed Bath & Beyond",3.04,14.47,20,52,"120"
393,"Banga, AjayAjay Banga","MasterCard",3,,0,51,"-"
393,"Kessler, Murray SMurray S Kessler","Lorillard",3,,8.1,52,"-"
395,"Wasson, Gregory DGregory D Wasson","Walgreen",2.99,6.623,7,52,"-"
396,"Wilson, Thomas JThomas J Wilson","Allstate",2.99,23.25,6,53,"-"
397,"Edelstein, Charles BCharles B Edelstein","Apollo Group",2.98,7.093,1.7,51,"-"
398,"Ficalora, Joseph RJoseph R Ficalora","New York Community",2.965,10.42,76.4,64,"4"
399,"Fraizer, Michael DMichael D Fraizer","Genworth Financial",2.945,60.12,10.6,52,"194"
400,"Georgens, ThomasThomas Georgens","NetApp",2.91,,0.7,51,"-"
401,"Neithercut, David JDavid J Neithercut","Equity Residential",2.915,17.062,22.5,55,"-"
402,"Craver, Theodore F JrTheodore F Craver Jr","Edison International",2.9,7.633,7.1,59,"-"
403,"Young, Larry DLarry D Young","Dr Pepper Snapple",2.87,11.512,6,56,"-"
404,"Spierkel, Gregory MGregory M Spierkel","Ingram Micro",2.855,14.38,9.1,54,"-"
405,"Gibson, John WJohn W Gibson","Oneok",2.845,9.303,8.4,59,"-"
406,"MacMillan, Stephen PStephen P MacMillan","Stryker",2.84,14.77,7.8,47,"104"
407,"Jackson, Darren RDarren R Jackson","Advance Auto Parts",2.795,,11.8,47,"-"
408,"Lord, Albert LAlbert L Lord","SLM",2.745,49.673,8.3,65,"-"
409,"Fusco, Jack AJack A Fusco","Calpine",2.715,,7.4,48,"-"
410,"McCracken, William EWilliam E McCracken","CA",2.69,,0.3,68,"-"
411,"Kandarian, Steven ASteven A Kandarian","MetLife",2.696,,0.5,59,"-"
412,"Bertolini, Mark TMark T Bertolini","Aetna",,,4.4,55,"-"
413,"Goff, Gregory JGregory J Goff","Tesoro",2.66,,2.3,54,"-"
414,"Quinlan, Thomas J IIIThomas J Quinlan III","RR Donnelley & Sons",2.645,13.582,6.1,48,"-"
415,"Casper, Marc NMarc N Casper","Thermo Fisher",,,14.8,43,"-"
416,"Nordstrom, Blake WBlake W Nordstrom","Nordstrom",2.585,19.64,103.8,50,"23"
417,"Austrian, Neil RNeil R Austrian","Office Depot",2.56,,0.8,71,"-"
418,"Burd, Steven ASteven A Burd","Safeway",2.515,80.33,26.8,61,"137"
419,"M Smits, Marcel HMarcel H M Smits","Sara Lee",2.47,,0.5,49,"-"
420,"Berkett, Neil ANeil A Berkett","Virgin Media",2.455,7.403,10.8,55,"-"
421,"DeLaney, William JWilliam J DeLaney","Sysco",2.45,,2.1,55,"-"
422,"Brown, Joseph WJoseph W Brown","MBIA",2.45,26.842,43,62,"-"
423,"Pollock, Robert BRobert B Pollock","Assurant",2.415,20.752,9.9,56,"-"
424,"Brandt, Donald EDonald E Brandt","Pinnacle West",2.415,,1.1,55,"-"
425,"King, Kelly SKelly S King","BB&T",2.39,7.083,6.6,62,"-"
426,"Dvorak, David CDavid C Dvorak","Zimmer Holdings",2.37,8.862,4.3,47,"-"
427,"Ersek, HikmetHikmet Ersek","Western Union",,,6.9,51,"-"
428,"Barnes, John PJohn P Barnes","People's United",2.34,,3.4,55,"-"
429,"Wilmers, Robert GRobert G Wilmers","M&T Bank",2.33,29.47,391.8,77,"-"
430,"Raines, J PaulJ Paul Raines","GameStop",,,4.9,47,"-"
431,"Fanning, Thomas AThomas A Fanning","Southern Co",,,0.3,54,"-"
432,"Havenstein, Walter PWalter P Havenstein","SAIC",2.25,,4.8,60,"-"
433,"Herkert, CraigCraig Herkert","Supervalu",2.2,,2.8,51,"-"
434,"Cavanaugh, Terrence WTerrence W Cavanaugh","Erie Indemnity",2.16,4.673,1.5,58,"-"
435,"Voss, Thomas RThomas R Voss","Ameren",2.15,4.513,1.1,63,"-"
436,"Ball, F MichaelF Michael Ball","Hospira",2.15,,0,55,"-"
437,"DiMicco, Daniel RDaniel R DiMicco","Nucor",2.09,20.62,22.3,60,"46"
438,"Seifert, ThomasThomas Seifert","Advanced Micro",2.04,,0.3,47,"-"
439,"Prieur, C JamesC James Prieur","CNO Financial",1.995,5.122,7.4,60,"-"
440,"Mehrotra, SanjaySanjay Mehrotra","SanDisk",,,1.3,52,"-"
441,"Hall, O B GraysonO B Grayson Hall","Regions Financial",,,4.1,53,"-"
442,"Zimpleman, Larry DLarry D Zimpleman","Principal Financial",1.885,,5.3,59,"-"
443,"Bennett, Alan MAlan M Bennett","H&R Block",1.85,,0.07,61,"-"
444,"Martin, Craig LCraig L Martin","Jacobs Engineering",1.85,41.85,17,60,"-"
445,"Armstrong, Alan SAlan S Armstrong","Williams Cos",,,2.6,49,"-"
446,"Bezos, Jeffrey PJeffrey P Bezos","Amazon.com",1.785,6.81,14262.2,47,"2"
447,"Maritz, PaulPaul Maritz","VMware",1.745,,3.7,56,"-"
448,"Bryant, John AJohn A Bryant","Kellogg",1.716,,8.8,45,"-"
449,"Akerson, Daniel FDaniel F Akerson","General Motors",1.7,,0.5,62,"-"
450,"Seaton, David TDavid T Seaton","Fluor",1.696,,6.8,49,"-"
451,"Mooney, Beth EBeth E Mooney","KeyCorp",1.696,,3,55,"-"
452,"Dussek, Steven PSteven P Dussek","NII Holdings",1.625,,8.3,54,"-"
453,"Walter, W EdwardW Edward Walter","Host Hotels & Resorts",1.605,6.123,31.2,55,"-"
454,"Yabuki, Jeffery WJeffery W Yabuki","Fiserv",1.585,10.57,9.5,51,"-"
455,"Skaggs, Robert C JrRobert C Skaggs Jr","NiSource",1.555,4.99,15.5,56,"-"
456,"Sachdev, RakeshRakesh Sachdev","Sigma-Aldrich",1.556,,0.8,55,"-"
457,"Fulton, Daniel SDaniel S Fulton","Weyerhaeuser",1.4,5.082,3.3,62,"-"
458,"Russell, John GJohn G Russell","CMS Energy",,,9.9,53,"-"
459,"Stanley, Charles BCharles B Stanley","QEP Resources",1.37,,8.8,52,"-"
460,"Ballmer, Steven ASteven A Ballmer","Microsoft",1.35,6.23,8264.7,55,"156"
461,"Benioff, Marc RMarc R Benioff","Salesforce.com",1.355,1.35,1200.1,46,"1"
462,"Pandit, Vikram SVikram S Pandit","Citigroup",1.35,5.792,9.9,54,"-"
463,"Oberhelman, Douglas RDouglas R Oberhelman","Caterpillar",,,10.7,58,"-"
464,"Parker, W DouglasW Douglas Parker","US Airways Group",1.285,21.74,3.3,49,"141"
465,"Gavrielov, MosheMoshe Gavrielov","Xilinx",1.26,2.543,0.1,56,"-"
,"","",,,,,""
466,"Rigby, Joseph MJoseph M Rigby","Pepco Holdings",1.255,,2.8,54,"-"
,"","",,,,,""
467,"Sterba, Jeffry EJeffry E Sterba","American Water Works",1.22,,0.1,56,"-"
,"","",,,,,""
468,"Arpey, Gerard JGerard J Arpey","AMR",1.225,14.34,1.3,52,"134"
,"","",,,,,""
469,"Standley, John TJohn T Standley","Rite Aid",1.146,,0.9,57,"-"
,"","",,,,,""
470,"Miller, Douglas HDouglas H Miller","EXCO Resources",1.145,51.3,93.3,63,"-"
,"","",,,,,""
471,"Blankfein, Lloyd CLloyd C Blankfein","Goldman Sachs Group",1.135,137.742,337,56,"-"
,"","",,,,,""
472,"Carrion, Richard LRichard L Carrion","Popular",1.13,5.51,5.5,58,"175"
,"","",,,,,""
473,"McLaughlin, Mark DMark D McLaughlin","VeriSign",,,7.2,45,"-"
,"","",,,,,""
474,"Kelly, Gary CGary C Kelly","Southwest Airlines",1.095,5.97,3.7,56,"-"
,"","",,,,,""
475,"Marra, Thomas MThomas M Marra","Symetra Financial",1.05,,0,52,"-"
,"","",,,,,""
476,"Mays, Mark PMark P Mays","CC Media Holdings",1.045,32.14,3.9,47,"-"
,"","",,,,,""
477,"Freiberg, StevenSteven Freiberg","E-Trade Financial",1,,2.2,54,"-"
,"","",,,,,""
477,"Matire, Frank RFrank R Matire","Fidelity National Info",1,,9.7,62,"-"
,"","",,,,,""
477,"McGee, Liam ELiam E McGee","Hartford Finl Service",1,,0,56,"-"
,"","",,,,,""
480,"Smisek, Jeffery AJeffery A Smisek","United Continental",0.98,,0.4,57,"-"
,"","",,,,,""
481,"Dell, Michael SMichael S Dell","Dell",0.965,7.082,3815.5,46,"-"
,"","",,,,,""
482,"Stecher, Kenneth WKenneth W Stecher","Cincinnati Financial",0.94,3.103,3,64,"-"
,"","",,,,,""
483,"Furlong, Mark FMark F Furlong","Marshall & Ilsley",0.905,4.692,7.3,53,"-"
,"","",,,,,""
484,"Simmons, Harris HHarris H Simmons","Zions Bancorp",0.885,9.35,57.9,56,"152"
,"","",,,,,""
485,"Zucaro, A CA C Zucaro","Old Republic Intl",0.845,6.38,13,72,"127"
,"","",,,,,""
486,"Ergen, Charles WCharles W Ergen","DISH Network",0.8,6.31,5605.5,58,"57"
,"","",,,,,""
487,"Norwitt, R AdamR Adam Norwitt","Amphenol",0.765,2.433,0.07,42,"-"
,"","",,,,,""
488,"Mucci, MartinMartin Mucci","Paychex",0.716,,1.5,51,"-"
,"","",,,,,""
489,"Stelling, Kessel D JrKessel D Stelling Jr","Synovus Financial",0.646,,1.3,54,"-"
,"","",,,,,""
490,"Scanlon, George PGeorge P Scanlon","Fidelity National Finl",0.6,,2.1,54,"-"
,"","",,,,,""
491,"Dunlap, Michael SMichael S Dunlap","Nelnet",0.515,4.48,225.5,48,"164"
,"","",,,,,""
492,"Thain, John AJohn A Thain","CIT Group",0.5,,12.4,56,"-"
,"","",,,,,""
493,"Buffett, Warren EWarren E Buffett","Berkshire Hathaway",0.45,1.51,47824.3,80,"67"
,"","",,,,,""
494,"Mackey, John PJohn P Mackey","Whole Foods Market",0.12,5.28,69.3,57,"72"
,"","",,,,,""
495,"Fairbank, Richard DRichard D Fairbank","Capital One Financial",0.1,92.81,114.9,60,"192"
,"","",,,,,""
496,"Lambiase, Matthew JMatthew J Lambiase","Chimera Investment",0.035,,1.8,44,"-"
,"","",,,,,""
497,"Jobs, Steven PSteven P Jobs","Apple",0,661.24,1833.9,56,"24"
,"","",,,,,""
497,"Kinder, Richard DRichard D Kinder","Kinder Morgan",0,0,6604.4,66,"-"
,"","",,,,,""
497,"Page, LarryLarry Page","Google",0,,15773.4,38,"-"
,"","",,,,,""
497,"Wilkus, MalonMalon Wilkus","American Capital",0,,0,59,"-"
